BasementArea,GroundFloorArea,Bedrooms,Condition,SalePrice
1080.0,1656,3,5,215000
882.0,896,2,6,105000
1329.0,1329,3,6,172000
2110.0,2110,3,5,244000
928.0,1629,3,5,189900
926.0,1604,3,6,195500
1338.0,1338,2,5,213500
1280.0,1280,2,5,191500
1595.0,1616,2,5,236500
994.0,1804,3,5,189000
763.0,1655,3,5,175900
1168.0,1187,3,7,185000
789.0,1465,3,5,180400
1300.0,1341,2,5,171500
1488.0,1502,1,5,212000
1650.0,3279,4,5,538000
559.0,1752,4,7,164000
1856.0,1856,1,2,394432
864.0,864,2,5,141000
1542.0,2073,3,6,210000
1844.0,1844,3,6,190000
1053.0,1173,3,6,170000
814.0,1674,3,5,216000
1004.0,1004,2,7,149000
1078.0,1078,3,6,149900
1056.0,1056,3,6,142000
882.0,882,2,5,126000
864.0,864,3,5,115000
1405.0,1337,2,5,184000
483.0,987,2,5,96000
525.0,1092,3,5,105500
525.0,1092,3,5,88000
1069.0,1069,2,5,127500
855.0,1456,3,6,149900
836.0,836,2,6,120000
855.0,1456,3,5,146000
1590.0,2334,3,5,376162
1704.0,1704,3,5,306000
1930.0,1940,3,5,395192
1544.0,1544,3,5,290941
1541.0,1541,3,5,220000
1698.0,1698,3,5,275000
1822.0,1822,3,5,259000
1517.0,1535,3,5,214000
2330.0,2364,2,5,611657
1358.0,1358,2,5,224000
2846.0,2696,3,5,500000
1671.0,2250,3,5,320000
1752.0,1752,2,5,319900
1370.0,1370,2,5,205000
764.0,1626,2,5,175500
1324.0,1324,3,5,199500
1145.0,1145,2,5,160000
1256.0,1269,2,5,192000
384.0,1374,3,5,184500
860.0,1960,4,5,216500
847.0,1733,3,5,185088
384.0,1430,3,5,180000
884.0,2035,3,5,222500
1393.0,2599,4,5,333168
1629.0,2475,4,5,355000
1720.0,1720,3,5,260400
1463.0,2622,3,5,325000
1152.0,2270,4,7,290000
1195.0,1839,4,5,221000
2033.0,3238,4,5,410000
1595.0,1595,2,5,221500
1218.0,1218,2,5,204500
756.0,1547,3,5,215200
1566.0,1566,3,5,262500
991.0,1947,3,5,254900
1468.0,1468,2,5,271500
956.0,2084,4,5,233000
831.0,1659,3,5,181000
948.0,2110,3,5,205000
923.0,923,2,5,143000
1055.0,1845,3,5,189000
918.0,918,2,5,99500
744.0,752,2,5,125000
996.0,1744,3,7,194500
1040.0,1097,3,5,152000
650.0,1564,3,6,171000
816.0,1012,2,5,67500
0.0,1902,4,5,112000
1109.0,1155,3,7,148000
894.0,894,3,8,138500
882.0,900,3,5,122000
1040.0,1040,3,5,133000
1040.0,1040,3,8,127000
1208.0,1494,3,6,169000
750.0,1923,3,5,190000
1231.0,2349,4,5,362500
1390.0,2225,4,5,285000
1488.0,1488,2,5,260000
840.0,1680,2,5,190000
600.0,1200,2,5,155000
600.0,1200,2,5,151000
600.0,1200,2,5,149500
600.0,1236,2,5,152000
1470.0,1478,2,5,222000
756.0,1573,3,5,177500
756.0,1512,2,5,177000
696.0,1416,3,5,155000
530.0,1080,2,5,147110
1642.0,1418,1,5,267916
975.0,1848,3,5,254000
728.0,788,1,5,155000
1226.0,1226,1,6,206000
725.0,1479,3,8,130500
1492.0,1492,3,5,230000
1829.0,1829,4,6,218500
1280.0,2495,4,5,243500
1610.0,1610,3,7,205000
1224.0,1891,3,5,212500
980.0,1714,3,5,196500
1161.0,1381,3,7,197500
715.0,1645,4,6,171000
1232.0,1232,3,5,142250
1328.0,1328,3,5,143000
950.0,1225,3,5,128950
1209.0,1209,3,5,159000
1510.0,1510,3,6,178900
533.0,1775,3,5,136300
1152.0,1152,3,7,180500
936.0,1054,3,7,137500
1728.0,1728,6,6,84900
1078.0,1078,2,6,142125
1140.0,2461,3,7,197600
782.0,1556,3,6,172500
858.0,858,2,7,116500
728.0,1306,3,2,76500
1056.0,1063,3,5,128000
1156.0,1520,3,6,153000
1268.0,1268,2,6,132000
1080.0,1128,2,8,178000
1105.0,2274,5,5,154300
1947.0,2207,3,5,180000
1517.0,1888,2,6,190000
1604.0,1604,4,5,135000
1480.0,1480,3,5,214000
1143.0,1143,3,5,136000
1398.0,1700,4,5,165500
1314.0,1314,3,6,145000
1194.0,1194,3,6,148000
1188.0,1188,3,5,142000
1268.0,1264,3,5,167500
1206.0,1206,3,5,108538
1244.0,1580,3,5,159500
832.0,1337,3,5,108000
864.0,1064,2,7,135000
972.0,972,3,6,122500
988.0,988,2,5,119000
1057.0,1057,3,7,109000
576.0,985,2,7,105000
0.0,827,2,7,107500
1086.0,1086,3,7,144900
936.0,936,2,7,129000
912.0,1458,3,5,97500
1056.0,1056,0,5,144000
1063.0,1287,3,7,162000
710.0,2978,5,7,242000
816.0,1224,3,8,132000
1246.0,1246,3,7,154000
910.0,1385,4,4,166000
900.0,900,3,7,134800
1116.0,1116,3,6,160000
1175.0,1175,3,6,148000
1395.0,1395,2,7,192000
756.0,1839,4,5,155000
709.0,1844,3,5,80400
576.0,1140,3,7,96500
936.0,936,2,7,109500
1008.0,1028,2,6,115000
1347.0,1347,3,7,143000
840.0,1605,3,6,107400
747.0,747,2,6,80000
788.0,804,2,7,119000
926.0,1316,3,7,130000
827.0,1251,3,7,119000
1027.0,1633,3,7,129000
1008.0,1245,3,6,100000
678.0,832,2,2,12789
624.0,720,2,8,105900
930.0,1566,3,9,150000
686.0,1652,4,6,139000
346.0,2268,3,9,240000
840.0,2256,4,3,76500
912.0,1236,2,7,149700
622.0,1363,3,7,125500
777.0,2290,4,6,122500
738.0,1470,2,7,140750
988.0,1612,3,6,128500
1108.0,2068,3,7,209500
765.0,765,2,7,87000
608.0,1132,2,7,134000
572.0,1196,3,6,128000
835.0,1453,3,6,132000
780.0,1416,3,7,139900
528.0,1040,2,7,123900
928.0,1536,4,5,138400
1124.0,1068,2,5,109500
576.0,1710,3,6,140000
888.0,1962,4,5,149500
780.0,1560,3,8,159900
662.0,1324,3,8,122000
816.0,816,2,5,110000
0.0,1092,3,5,55000
360.0,1812,4,9,140000
1032.0,2403,4,7,244400
1422.0,1675,3,5,173000
689.0,1224,3,3,107500
1212.0,1392,3,4,100000
600.0,919,3,5,95000
707.0,1884,4,1,93369
856.0,1680,2,7,114900
780.0,1020,2,8,94000
1832.0,1832,4,3,136000
1768.0,1768,4,5,136500
1039.0,1039,3,4,131500
1392.0,1392,3,6,121500
912.0,912,3,5,125000
1060.0,1060,3,8,154000
864.0,892,3,7,137900
663.0,1352,4,7,158000
864.0,864,2,5,137250
1319.0,1373,3,5,160250
720.0,1440,4,5,163000
672.0,1386,3,5,158900
1306.0,2260,3,5,328000
1420.0,1483,1,7,270000
660.0,756,2,4,85000
1067.0,1067,2,7,128000
1332.0,1524,0,6,260000
1117.0,1981,4,5,230000
972.0,1610,4,4,124000
458.0,835,2,5,83000
663.0,1074,3,7,144500
1144.0,1144,3,6,129000
756.0,1531,3,6,127000
1172.0,1172,3,7,128000
1212.0,1212,3,5,186000
1508.0,1508,1,5,308030
1250.0,1298,3,3,114000
0.0,930,2,7,84900
741.0,1732,3,5,178000
1433.0,1433,1,5,270000
946.0,1802,3,7,218000
1050.0,1949,3,5,236000
936.0,996,2,6,147000
1694.0,1694,3,5,245350
1187.0,1208,2,5,206000
1226.0,1226,3,5,198900
1222.0,1222,2,5,187000
1673.0,3222,5,5,320000
676.0,1445,3,8,138500
1010.0,1052,3,7,155000
870.0,965,2,5,159000
878.0,1692,3,5,191000
804.0,1682,3,5,200500
1026.0,1026,3,8,150000
689.0,1392,3,7,161750
894.0,894,3,6,128200
876.0,876,3,6,127000
1978.0,1978,3,5,318000
1581.0,1601,3,5,272000
941.0,1829,3,6,237000
1040.0,2098,4,5,240000
1649.0,1661,3,5,224900
848.0,848,1,5,143750
848.0,848,1,5,143000
1657.0,1668,3,5,232000
1473.0,1484,3,5,213000
1414.0,1414,3,5,185500
0.0,640,2,6,84900
381.0,992,3,6,155891
0.0,1664,4,5,100000
1196.0,1196,3,6,144000
744.0,1120,2,5,64000
1008.0,1096,3,6,125200
1029.0,1117,3,5,107000
960.0,960,3,5,90000
1121.0,1121,2,5,140000
735.0,1487,3,4,113000
672.0,924,2,4,80000
1216.0,1526,4,6,144500
1107.0,1296,2,6,104000
806.0,1647,4,4,128000
864.0,864,2,3,58500
1026.0,1691,3,6,127000
856.0,856,2,6,126000
0.0,2650,6,6,160000
894.0,1666,3,2,100000
804.0,2447,4,7,169000
1528.0,2133,4,6,257500
1032.0,2177,5,6,215000
1152.0,2340,4,9,266500
1902.0,1902,3,8,335000
423.0,1652,3,6,203135
982.0,1034,1,6,185000
1191.0,1191,2,5,162500
1501.0,1801,1,8,289000
796.0,1154,3,8,125500
480.0,540,1,5,82000
629.0,1107,2,5,110000
698.0,1128,2,4,68400
859.0,1178,2,7,102776
540.0,1044,2,5,55993
756.0,952,3,7,50138
1594.0,1646,2,5,246000
1049.0,1916,3,5,254900
1243.0,1285,3,7,190000
1560.0,1560,3,5,201000
1012.0,1034,3,5,169900
1958.0,2048,5,5,170000
747.0,1687,3,5,160000
1336.0,1346,3,5,220000
1214.0,1214,2,5,179781
384.0,1444,3,5,174000
774.0,1968,4,5,269500
817.0,1894,4,5,214900
967.0,1908,4,5,202900
2002.0,2018,3,5,378500
1068.0,1264,2,5,169000
1430.0,1430,3,5,173500
912.0,1824,4,5,139000
1344.0,1344,3,5,166500
546.0,1092,3,5,83500
945.0,945,2,6,119500
536.0,1112,3,3,85000
546.0,1092,3,7,76000
630.0,630,1,6,75500
546.0,1092,3,4,88250
546.0,1092,3,6,85500
864.0,874,3,7,130000
1188.0,1188,3,7,157900
833.0,833,2,7,149900
1216.0,2432,4,2,159000
624.0,1274,3,5,136000
864.0,1479,5,5,161000
1679.0,1803,3,5,285000
1152.0,1797,3,5,231000
882.0,882,2,5,124500
1434.0,1434,4,5,157000
1952.0,2704,4,7,345000
945.0,1608,3,5,189500
1008.0,2283,4,5,270000
384.0,1628,3,5,189000
1746.0,1746,3,5,377500
384.0,1474,3,5,168500
2208.0,2522,1,5,375000
1501.0,1659,2,5,278000
1418.0,1478,2,5,240000
1587.0,1734,2,5,239500
384.0,1382,3,5,177500
832.0,1718,3,5,185000
952.0,1636,3,5,191000
799.0,1571,3,7,178000
680.0,1470,3,8,185000
707.0,1516,3,5,181316
1181.0,1190,3,5,166000
808.0,1593,3,5,178000
702.0,1481,3,5,174000
1158.0,1167,3,6,173000
978.0,1983,3,5,225000
1424.0,1442,3,5,180500
1220.0,1360,1,5,187500
2216.0,2234,1,5,501837
2046.0,2046,3,5,372500
1530.0,1530,3,5,260000
1122.0,1934,3,6,185000
845.0,2353,4,7,260000
1362.0,1586,3,5,181000
1386.0,1411,3,5,82500
1602.0,1602,3,7,215000
832.0,2050,4,6,154000
1427.0,1671,3,6,200000
1043.0,2673,4,7,249000
1372.0,1472,3,5,187500
1140.0,1707,3,5,184000
2524.0,2524,4,5,278000
1271.0,1601,3,5,157000
1090.0,1370,3,5,152000
780.0,1868,4,7,197500
926.0,1884,3,5,240900
832.0,1935,3,5,263435
1058.0,1874,3,5,220000
972.0,1811,3,5,235000
1621.0,1621,3,7,213000
1116.0,1116,3,6,167900
1176.0,1193,3,5,158000
1064.0,1350,3,5,165000
689.0,2119,3,6,158000
896.0,1792,4,5,136000
1002.0,1002,3,6,148500
1026.0,1026,3,8,156000
1180.0,1180,2,5,128000
1043.0,1050,3,7,143000
864.0,864,3,6,76500
864.0,864,3,6,120500
864.0,864,3,7,124500
864.0,864,2,6,97000
864.0,864,3,7,130000
483.0,987,2,5,111000
765.0,1365,3,6,125000
630.0,1302,3,5,112000
483.0,987,2,6,97000
483.0,987,2,8,118000
630.0,1302,3,7,119500
958.0,958,2,6,143750
804.0,1548,3,5,146000
855.0,1456,3,6,148500
1057.0,1055,2,5,123000
855.0,1322,3,5,147000
855.0,1456,3,5,137900
804.0,1548,3,5,147000
855.0,1441,3,6,148500
855.0,1456,3,5,138000
836.0,836,2,6,128500
892.0,892,3,5,100000
864.0,1120,3,7,148800
1700.0,1718,3,5,337500
1776.0,2772,4,5,462000
1926.0,3140,4,5,485000
3094.0,2402,2,5,555000
1652.0,1652,2,5,325000
1566.0,1600,3,5,256300
2042.0,2042,3,5,253293
1365.0,2690,3,5,398800
1104.0,2184,3,5,335000
2020.0,2020,3,5,404000
2006.0,2020,3,5,402861
1722.0,2296,3,5,451950
2630.0,2674,2,5,610000
1734.0,2822,4,5,582933
1736.0,1736,3,5,360000
1782.0,1782,3,5,296000
1508.0,2520,5,5,409900
1709.0,1717,3,5,255500
1739.0,1743,3,5,335000
1713.0,1713,3,5,274900
1504.0,1531,2,5,300000
1774.0,1808,3,5,324000
1462.0,2224,4,5,350000
1836.0,1836,3,5,280000
3206.0,1629,3,5,284000
1760.0,1760,3,5,269500
1502.0,1502,3,5,233170
2392.0,2392,3,5,386250
2452.0,2452,3,5,445000
1082.0,2400,4,5,290000
1598.0,1606,3,5,255900
1358.0,1358,2,5,213000
1306.0,1306,1,5,196000
1306.0,1306,1,5,184500
1350.0,1358,2,5,212500
1314.0,1314,2,5,230000
2492.0,2492,2,5,552000
2200.0,2200,3,5,382500
1884.0,1884,2,5,320000
1451.0,1456,2,5,248500
1712.0,1712,3,5,286500
1324.0,1324,2,5,254000
1405.0,1405,2,5,173000
764.0,1626,2,5,173000
728.0,1456,3,5,184000
745.0,1490,3,5,167800
742.0,1484,3,5,174000
684.0,1560,3,5,174000
1373.0,1555,2,5,174000
1386.0,1569,1,5,175900
1373.0,1555,2,5,192500
1346.0,1504,1,5,181000
1220.0,1220,2,5,180000
1145.0,1145,2,5,160200
716.0,1432,3,5,188500
1010.0,2267,4,5,200000
384.0,1374,3,5,170000
868.0,1630,3,5,189500
408.0,1419,3,5,184100
846.0,1594,3,5,195500
782.0,1489,3,5,192000
698.0,1342,3,5,178000
1314.0,1314,2,5,207500
952.0,2256,4,5,236000
870.0,2004,4,5,257500
992.0,2054,3,5,244000
384.0,1374,3,5,167000
982.0,1800,3,5,179000
794.0,1514,3,5,190000
384.0,1430,3,5,156000
1177.0,2312,4,5,245000
841.0,1675,3,5,181000
992.0,2060,3,5,214000
384.0,1430,3,6,168000
1252.0,2365,3,5,337000
1462.0,2794,4,5,403000
1455.0,2687,4,5,327000
1284.0,2450,3,5,340000
1225.0,2612,4,5,336000
1264.0,2344,3,5,265000
2024.0,2063,3,5,315000
1347.0,2646,4,5,260000
1070.0,2061,3,5,260000
1173.0,2232,3,5,263550
1629.0,2448,4,7,402000
973.0,1850,3,6,248000
1468.0,1468,3,5,244600
1696.0,1696,3,5,275000
1614.0,1658,3,5,257500
1573.0,1578,3,5,287090
1702.0,1702,3,5,275500
1422.0,1432,3,5,245000
1113.0,1971,3,5,253000
2458.0,2490,2,5,468000
900.0,1852,3,5,252678
768.0,1590,3,5,210000
1218.0,1218,2,5,208300
1436.0,1436,3,5,225000
1300.0,1314,3,5,229456
1402.0,1402,3,5,229800
1530.0,1530,3,5,250000
1766.0,1766,2,5,370878
1372.0,1448,2,5,238500
1017.0,2007,3,5,310000
900.0,1795,3,5,270000
1082.0,1953,3,5,252000
1092.0,1550,2,5,241000
1836.0,1836,3,5,264500
1652.0,1662,3,5,291000
912.0,2094,4,5,263000
1221.0,1221,2,5,185000
1553.0,1553,3,5,234500
812.0,1653,3,5,209000
1218.0,1218,3,6,159000
1141.0,1141,3,5,152000
1158.0,1158,3,5,143500
835.0,1812,3,5,193000
1512.0,1512,3,5,203000
1176.0,1200,2,5,184900
1114.0,1114,3,5,159000
1114.0,1114,3,5,142000
1114.0,1114,3,5,153000
1450.0,1450,2,5,224243
913.0,2122,4,5,220000
1844.0,1844,2,5,257000
1454.0,1434,3,5,189000
816.0,1730,3,6,171500
626.0,1217,3,6,120000
1332.0,1332,2,5,145000
754.0,1540,3,5,184000
676.0,1400,3,7,162000
0.0,1882,4,7,160000
721.0,841,2,4,82000
784.0,784,2,3,76000
980.0,980,3,5,110000
980.0,980,3,6,135000
864.0,864,3,6,141000
864.0,864,2,5,122000
1024.0,1020,3,5,124100
912.0,912,3,8,129000
864.0,1144,3,6,131400
864.0,864,3,5,62383
912.0,912,3,6,123000
2014.0,2014,2,8,275000
975.0,1755,3,8,235000
1376.0,3005,3,5,280750
612.0,1224,2,5,164500
612.0,1224,2,5,173733
1726.0,1726,2,5,222000
1145.0,1256,1,5,195000
729.0,1471,3,5,172500
756.0,1512,2,5,180000
691.0,1452,3,5,156000
970.0,1739,3,5,172500
1694.0,1694,2,9,318750
1226.0,1226,1,5,211500
1740.0,1740,2,5,241600
392.0,2499,4,5,180500
1281.0,1620,3,4,150000
727.0,1556,4,6,154000
1442.0,1442,2,6,185000
1489.0,1489,3,7,185750
1107.0,2090,3,6,200000
752.0,2067,3,6,206000
723.0,1395,3,6,162000
932.0,2640,5,7,256900
1680.0,1724,3,5,197900
1288.0,1336,3,5,163000
1216.0,1216,3,5,113000
908.0,2288,4,7,230000
1350.0,1334,2,5,167900
1650.0,1680,3,5,213250
810.0,1665,3,6,227000
864.0,864,2,6,130000
1568.0,1568,3,5,143000
925.0,925,2,6,117500
1165.0,2061,4,5,168500
1232.0,1320,3,5,172500
1372.0,1342,3,5,161500
894.0,894,2,7,141500
864.0,864,3,7,118000
864.0,864,2,6,127500
1040.0,1362,3,5,140000
1048.0,1728,3,6,177625
1584.0,1776,4,5,110000
1516.0,1516,3,6,167000
1313.0,1313,3,6,153000
1292.0,1292,3,5,145100
1154.0,1154,3,6,154000
744.0,2140,4,6,177500
1127.0,1445,3,6,158000
1041.0,1041,3,6,124500
1208.0,1576,4,6,174500
960.0,960,2,5,122000
420.0,708,2,7,82500
709.0,1203,3,4,110000
1505.0,1505,2,4,149500
1680.0,1691,2,5,175000
1416.0,1644,3,5,167000
1050.0,1050,2,6,128900
856.0,1668,3,8,140000
1113.0,1113,3,7,147000
1584.0,1584,4,5,124000
1453.0,1453,3,6,187500
1394.0,1394,3,5,159000
1562.0,1567,2,8,256000
768.0,1986,3,6,205000
896.0,2142,4,6,193500
1392.0,1392,2,3,110000
715.0,1738,4,4,104900
1169.0,1144,3,7,150000
1478.0,1478,3,3,156500
1329.0,1329,3,6,176000
988.0,988,3,8,149500
1240.0,1632,3,6,139000
1215.0,1215,3,7,155000
1202.0,1202,3,5,120000
1382.0,1382,3,5,153000
1200.0,1200,3,5,144000
1362.0,1382,3,5,176000
1297.0,1297,3,6,153000
1866.0,1866,4,4,135000
1062.0,1062,3,7,131000
608.0,1319,3,6,123000
631.0,1112,2,5,126000
1005.0,1005,2,5,115000
1008.0,1363,2,7,164900
793.0,793,2,6,113000
1031.0,1031,2,8,145500
0.0,1210,2,5,102900
978.0,1699,3,5,95000
699.0,1527,3,7,152500
1200.0,1200,3,6,129900
972.0,972,2,6,132000
792.0,792,2,5,99900
660.0,1656,3,7,135000
676.0,1352,4,7,149000
405.0,1039,2,8,114000
768.0,792,2,8,109500
1054.0,1078,3,7,125000
1313.0,2377,3,5,142900
560.0,1690,4,9,156500
416.0,599,2,5,59000
840.0,1374,2,6,105000
720.0,846,2,7,106000
630.0,725,1,5,78500
1248.0,2544,6,5,190000
1380.0,1380,3,7,154000
1040.0,1040,3,4,163000
1248.0,2634,6,5,200000
951.0,951,2,9,143500
1105.0,1105,3,6,135000
992.0,1306,2,7,153000
1478.0,1478,3,5,157500
160.0,1142,2,6,113500
832.0,1268,3,7,133000
0.0,1040,2,4,92900
795.0,1133,3,5,128500
0.0,1040,2,5,90000
1208.0,1904,3,4,138000
1041.0,1041,3,6,128000
1029.0,1339,3,6,139000
732.0,732,2,7,118900
528.0,1183,3,5,138000
1148.0,1148,3,5,132500
832.0,1461,4,7,133500
864.0,1495,3,7,135000
780.0,1806,4,5,144750
941.0,941,2,7,145000
1045.0,1045,3,6,127000
894.0,894,2,5,109500
818.0,1224,3,8,115000
440.0,1230,2,6,110000
901.0,1378,3,8,128900
972.0,1944,4,5,103500
676.0,1131,3,6,66500
240.0,1306,3,8,130000
504.0,1464,3,8,129000
690.0,1558,3,6,150000
994.0,2372,4,4,107500
600.0,1701,4,6,94550
960.0,1960,4,5,124500
651.0,1389,3,8,135000
801.0,1447,3,5,103000
936.0,936,2,4,93000
768.0,1328,3,7,129500
811.0,1387,3,4,93000
861.0,861,2,6,80000
0.0,612,1,4,45000
600.0,968,2,6,37900
190.0,886,2,8,91300
624.0,792,2,8,99500
736.0,1452,2,5,113000
677.0,1510,3,4,87500
720.0,1284,2,7,110000
849.0,2138,2,5,106000
1240.0,2640,4,7,265979
917.0,2007,3,7,160000
624.0,1288,3,7,119000
916.0,1742,4,9,168000
624.0,816,2,3,58500
650.0,1482,3,9,143000
1022.0,1022,2,4,85000
1088.0,1869,2,6,124900
972.0,1480,3,6,119000
741.0,1521,4,7,146500
720.0,720,2,5,34900
245.0,797,2,3,44000
1324.0,1576,3,6,223500
1022.0,1432,3,6,149000
952.0,1548,3,7,205000
297.0,1654,3,7,137000
952.0,952,2,6,121000
672.0,1324,3,6,128000
698.0,1176,2,9,134900
884.0,1348,3,8,117000
780.0,1412,4,6,132500
468.0,1142,3,5,93000
884.0,904,2,7,119000
1145.0,1301,2,5,100000
927.0,1539,3,6,141500
884.0,1573,3,7,133000
264.0,800,1,3,60000
715.0,875,2,7,105000
960.0,995,2,6,115000
952.0,1582,3,6,150000
1072.0,1072,2,5,126500
844.0,2134,5,6,214500
728.0,2019,3,8,167500
1048.0,1768,3,6,155000
910.0,1826,4,8,155000
672.0,1944,3,8,179900
755.0,2229,5,6,104000
1040.0,2128,4,1,62500
720.0,1930,4,5,149000
780.0,1208,2,5,103000
483.0,1427,3,7,123000
1020.0,1864,6,5,97500
1204.0,1666,3,6,135000
858.0,892,1,6,70000
698.0,1403,3,7,116000
560.0,704,2,9,88750
1200.0,1200,3,5,179000
1200.0,1200,3,5,179000
1152.0,1152,2,5,159900
683.0,904,1,1,61000
672.0,1369,3,6,103600
585.0,1112,4,3,63000
520.0,1464,3,6,175000
1121.0,1121,3,6,139000
918.0,1683,3,5,172500
1052.0,1052,3,6,113500
864.0,899,3,7,130000
456.0,1034,3,5,149900
858.0,858,2,5,134900
840.0,860,2,6,137000
1092.0,1092,3,5,139000
552.0,1774,4,5,165000
1138.0,1138,3,5,148000
825.0,2071,4,5,165000
0.0,660,2,2,63900
1104.0,1788,5,5,161500
1437.0,1473,1,8,143000
1134.0,1229,3,6,135000
861.0,861,1,5,82500
1617.0,1867,2,5,190000
0.0,1733,4,5,139600
0.0,1383,2,5,122000
1436.0,1689,3,5,127500
1073.0,1073,2,5,121500
1276.0,1276,3,3,60000
747.0,1639,3,7,154400
672.0,672,2,6,113000
1089.0,1089,3,6,125000
0.0,845,3,3,84000
1049.0,1049,2,5,139500
768.0,1716,3,4,131000
560.0,1258,2,5,105000
755.0,1510,4,5,108000
1054.0,1061,1,6,162000
520.0,1338,2,5,156500
1496.0,2132,1,8,316600
2158.0,2196,3,7,271900
740.0,1775,3,5,213000
1079.0,1879,3,5,239900
1128.0,2020,3,5,239500
0.0,2016,4,7,131000
0.0,1535,4,5,118964
1086.0,1224,2,5,153337
0.0,2228,6,5,147983
0.0,1535,4,5,118858
0.0,1535,4,5,118858
0.0,2240,6,5,142953
1094.0,1229,2,5,148325
0.0,1513,4,5,113722
1168.0,2787,6,5,269500
1168.0,2787,6,5,269500
1168.0,2787,6,5,269500
1555.0,1680,1,5,323262
1705.0,1718,3,5,297000
1622.0,1630,3,5,295493
1720.0,1720,3,5,332000
1468.0,1468,3,5,239900
866.0,1768,3,5,212000
1838.0,1838,3,5,272500
1800.0,1800,2,5,239000
1604.0,1604,3,5,220000
1282.0,1290,2,5,200000
1254.0,1254,2,5,221800
1232.0,1232,2,5,194500
1498.0,1498,3,5,237000
704.0,1422,3,5,173000
1518.0,1644,2,5,275000
1449.0,1759,3,5,233500
1013.0,2126,3,5,185000
1040.0,1040,3,5,152000
990.0,990,3,7,143000
928.0,1764,3,5,231500
799.0,1661,3,6,212000
1463.0,1463,3,5,207000
1097.0,1097,3,5,145000
990.0,990,3,5,138000
866.0,1779,3,5,197900
1490.0,1501,3,5,204000
1431.0,1431,3,5,192000
928.0,1772,3,5,200000
831.0,1660,3,5,195000
1573.0,1573,3,5,227000
944.0,1840,3,5,230000
1413.0,1430,3,5,187100
1431.0,1444,3,5,203000
1492.0,1492,3,5,201000
1040.0,1040,3,5,124000
907.0,907,3,5,140000
914.0,914,2,7,134900
1040.0,1040,3,7,150500
864.0,864,3,8,136500
1268.0,1268,3,7,143500
864.0,864,3,6,133500
894.0,894,2,5,123000
768.0,768,2,8,133900
768.0,768,2,7,133000
1569.0,1611,3,5,250000
1068.0,2184,4,5,254750
1753.0,1788,3,5,236500
1299.0,1872,3,5,261500
1440.0,2153,3,5,313000
840.0,1725,3,5,198500
944.0,1870,3,5,211000
1462.0,1513,2,5,220000
1504.0,1504,3,5,203000
1822.0,1828,3,5,279500
1417.0,1417,3,5,210000
1057.0,2034,3,5,219500
880.0,1716,2,5,191000
1212.0,1212,3,5,178000
1630.0,1630,3,5,213000
848.0,848,1,5,144000
848.0,848,1,5,140000
1578.0,1602,3,5,293200
864.0,1728,3,5,190000
1500.0,1500,3,5,190000
738.0,1476,3,5,173500
608.0,1396,3,5,170000
0.0,1126,2,5,108000
1486.0,1486,3,7,167000
816.0,816,2,6,100000
0.0,1922,4,5,198500
690.0,1426,3,6,159500
1014.0,1149,3,6,127000
1041.0,1125,3,6,125000
1698.0,1698,3,5,320000
547.0,1072,2,5,145500
698.0,698,2,9,118000
876.0,876,3,5,85000
1078.0,1368,3,5,120000
0.0,1529,4,3,98000
864.0,864,2,8,99900
0.0,944,2,3,82000
1678.0,1678,6,5,119900
1150.0,1560,2,5,103500
672.0,960,3,3,112000
684.0,1196,3,8,110000
720.0,1298,3,6,122000
984.0,1604,3,5,117000
832.0,1268,3,4,160000
793.0,1520,3,5,159434
290.0,438,1,5,60000
778.0,1489,3,7,139500
824.0,3082,5,3,197000
583.0,1242,3,6,105000
1122.0,1981,4,3,135000
816.0,1232,3,8,147500
976.0,1608,3,6,137450
560.0,1135,3,9,155000
896.0,1913,3,6,177000
861.0,1477,3,7,145000
600.0,1228,3,8,137000
1276.0,2080,3,9,234000
840.0,1567,2,6,205000
771.0,1494,3,7,177500
728.0,1308,2,7,160000
1273.0,1273,2,4,155000
876.0,964,2,7,163500
731.0,1343,3,6,154900
920.0,2480,5,6,205000
1112.0,1112,2,6,144800
704.0,1564,3,7,174500
1561.0,1561,3,6,193000
1067.0,1523,3,7,158000
1092.0,1152,3,8,158500
1310.0,1906,3,5,224000
516.0,1032,2,6,115000
561.0,1229,2,6,137000
561.0,1229,2,6,121000
561.0,1229,2,6,124000
572.0,1982,3,6,208000
1803.0,2365,3,9,315000
880.0,1680,3,9,222000
672.0,1344,3,7,147000
760.0,2168,5,6,123000
596.0,1192,3,5,78000
1013.0,1526,2,2,85000
572.0,572,2,6,75000
1596.0,1648,2,5,230000
0.0,810,1,4,57625
1107.0,2052,3,5,251000
1434.0,2149,1,5,239686
1710.0,1710,3,5,240000
804.0,1961,3,5,215000
902.0,926,2,6,156450
957.0,1287,2,7,173000
0.0,1734,4,5,126000
1188.0,1217,3,5,173000
1582.0,1595,2,5,152000
819.0,1344,3,6,137500
2136.0,2036,3,5,375000
1620.0,1620,2,5,315500
846.0,1692,3,5,224500
2190.0,2036,3,5,410000
1641.0,1641,3,5,316500
1466.0,1466,3,5,201000
1392.0,1412,3,5,175000
712.0,2237,3,8,204000
1645.0,1479,3,5,213500
1267.0,1296,2,5,220000
912.0,2014,3,5,170000
1838.0,1838,2,5,315000
1978.0,1978,2,5,425000
1008.0,1008,3,7,139500
0.0,1771,3,4,115000
1204.0,1204,2,5,162000
1224.0,1224,2,5,165000
462.0,988,2,5,91000
864.0,874,3,6,130000
630.0,630,1,8,86000
1188.0,1404,3,5,160000
630.0,630,1,4,80000
546.0,1344,3,6,97000
546.0,1092,3,4,88000
796.0,796,2,8,131900
384.0,1091,2,5,131250
1097.0,1110,1,6,165500
833.0,833,3,5,112000
828.0,883,2,6,149000
796.0,1362,1,5,143000
624.0,1287,3,5,130000
1567.0,1567,2,5,196000
784.0,1632,4,7,173000
1184.0,1414,3,8,176500
1205.0,2117,4,7,237500
952.0,2112,4,5,206900
926.0,1604,3,5,187500
680.0,1470,3,5,165000
926.0,1604,3,5,195500
943.0,1638,3,5,192000
916.0,1636,3,5,173000
1348.0,1384,3,5,177900
729.0,1446,3,5,175000
1593.0,1593,0,5,286000
1664.0,1682,1,5,247900
1337.0,1337,2,5,180000
1280.0,1280,2,5,180000
926.0,1604,3,5,181000
932.0,1633,3,5,183000
773.0,1658,3,5,188000
712.0,1895,3,5,194500
836.0,1709,3,5,185000
1228.0,1228,2,5,189000
1337.0,1337,2,5,188500
1168.0,2500,5,5,355000
1122.0,2504,4,5,325000
1884.0,1884,2,5,387000
1632.0,1474,3,2,115000
1710.0,1710,2,5,334000
1488.0,1488,3,5,133000
791.0,2093,3,6,215000
1675.0,1688,2,6,226500
1422.0,1422,3,6,175500
1260.0,1260,3,7,181900
2048.0,2064,3,5,235000
1782.0,1782,3,5,220000
1330.0,2872,4,7,272000
1211.0,1211,3,5,161000
1126.0,1126,3,6,175000
738.0,2044,3,6,185000
720.0,1308,3,6,146900
1420.0,2840,4,7,292500
1193.0,1523,3,5,180000
1444.0,1444,2,5,159900
803.0,1964,4,6,205000
1176.0,1178,3,6,157000
1236.0,2340,4,5,306000
896.0,1792,4,5,133000
1054.0,1054,3,8,151000
936.0,936,2,6,111900
864.0,864,3,5,123000
864.0,864,3,5,111250
1405.0,1337,2,5,181000
483.0,987,2,5,103400
483.0,987,2,5,100000
483.0,987,2,6,100500
483.0,987,2,6,106000
483.0,987,2,5,85400
483.0,987,2,3,89500
630.0,1302,3,5,111750
1069.0,1069,2,6,140000
855.0,1456,4,6,143000
1055.0,1055,2,6,148500
864.0,892,3,5,110000
1932.0,1932,2,5,394617
1682.0,2332,3,5,426000
2078.0,2084,2,5,385000
1452.0,2713,3,5,446261
1582.0,1582,3,5,317500
1710.0,1710,2,5,372402
2418.0,2464,4,5,417500
1950.0,1950,2,5,383000
1850.0,2748,4,5,390000
1620.0,2790,4,5,460000
1414.0,2331,3,5,379000
948.0,2088,4,5,250000
1148.0,2332,4,5,316000
2535.0,2470,1,5,615000
1572.0,2668,3,5,412500
998.0,2046,3,5,284000
1603.0,1575,2,5,284000
1479.0,2649,4,5,421250
1765.0,2690,4,5,370000
1858.0,1866,2,5,336860
1702.0,1702,1,5,367294
1367.0,1367,2,5,192000
1518.0,1518,1,5,274000
1684.0,1684,2,5,266000
1800.0,1800,2,5,370967
1342.0,1342,2,5,234250
1342.0,1342,2,5,219500
764.0,1626,2,5,155000
764.0,1626,2,5,154000
1358.0,1358,2,5,207000
1415.0,1455,2,5,195000
1393.0,1576,2,5,219990
1346.0,1504,2,5,191000
1266.0,1266,2,5,159895
1146.0,1246,2,5,187687
789.0,1515,3,5,179000
839.0,1593,3,5,193000
856.0,1166,2,5,190000
728.0,1456,3,5,176000
840.0,1720,3,5,188000
847.0,1986,4,5,213000
1350.0,1358,2,6,217300
936.0,1792,3,5,186500
982.0,1892,3,5,226750
788.0,1490,3,5,184000
707.0,1414,3,5,176000
1037.0,2322,4,5,225000
831.0,1651,3,5,185900
1173.0,2199,3,5,284500
1470.0,2630,4,5,315000
1145.0,2198,4,5,250000
1519.0,2172,4,5,291000
1982.0,2006,2,5,350000
1064.0,2125,4,5,279500
1242.0,2501,4,7,290000
2109.0,2113,2,6,350000
1311.0,2418,3,5,341000
1080.0,2197,4,5,287500
1223.0,2127,3,5,271000
1986.0,1987,2,5,301500
1580.0,1580,3,5,235128
894.0,1933,4,5,214000
1574.0,1574,3,5,232000
1578.0,1578,3,5,240000
1498.0,1506,2,5,264132
1563.0,1563,3,5,245000
1417.0,1428,3,5,227680
1341.0,1861,3,5,257000
955.0,1874,3,5,297900
1460.0,1460,3,5,247000
1363.0,1372,3,5,212700
1372.0,1372,3,5,250580
1428.0,1428,3,5,182000
866.0,1768,3,5,226700
1053.0,1992,3,5,250000
1026.0,1958,3,5,250000
1034.0,2078,3,5,339750
813.0,1665,3,6,205950
1660.0,1660,3,5,256000
1218.0,1218,2,5,230348
864.0,1728,3,5,207500
1080.0,1080,3,5,141000
835.0,1696,3,5,188000
835.0,1663,3,5,192500
1175.0,1175,3,5,146000
1114.0,1114,3,5,159000
1114.0,1114,3,5,155000
798.0,1640,3,5,173000
1162.0,1162,3,5,170000
754.0,1609,3,5,182000
886.0,1680,3,5,163000
1408.0,1679,3,5,193500
832.0,1657,3,5,189000
827.0,1677,3,5,190500
836.0,1737,3,5,175000
1278.0,1294,3,5,179200
832.0,1710,3,5,187000
1604.0,1617,2,5,193000
1199.0,1199,2,5,153900
984.0,984,3,5,128000
912.0,912,2,6,144000
864.0,864,3,8,135000
890.0,890,3,5,115000
864.0,864,3,5,119916
912.0,912,3,8,142000
1430.0,1430,3,5,192000
1001.0,1641,4,4,140000
930.0,2683,4,5,290000
1848.0,2786,4,5,372500
1391.0,1391,2,5,196000
625.0,1250,2,5,171900
1235.0,1245,1,5,178000
600.0,1200,2,5,165000
689.0,1392,2,5,146000
689.0,1392,2,5,146000
744.0,1501,3,5,179400
744.0,1549,3,5,172900
1614.0,1638,2,5,300000
1310.0,1310,1,5,285000
1419.0,1419,2,5,290000
1557.0,1557,2,5,305000
1698.0,1709,2,5,328900
600.0,1252,2,5,160000
672.0,1404,3,5,170000
858.0,1789,3,5,223000
960.0,1586,3,5,170000
960.0,1607,3,5,200000
970.0,2393,2,5,345000
1260.0,1288,1,5,245500
1230.0,1239,1,5,217500
1719.0,1719,1,5,324000
1232.0,1232,3,6,162500
994.0,2944,3,3,150000
1426.0,1671,3,9,290000
952.0,1812,3,5,205000
1304.0,1682,3,6,174000
1427.0,1427,4,6,183000
1740.0,1740,4,5,150000
1258.0,1258,3,7,145000
1620.0,1620,4,7,215000
1625.0,1625,4,6,140500
1522.0,2614,4,7,240000
732.0,1464,4,6,141000
912.0,912,2,8,147000
912.0,925,3,7,135000
1728.0,1728,6,5,145000
1728.0,1728,6,5,142600
1656.0,1656,4,5,135000
825.0,1670,4,6,170000
1142.0,2715,4,9,299800
901.0,1876,4,6,185000
800.0,1632,4,8,173000
944.0,999,3,9,178400
832.0,1978,4,5,176000
0.0,1014,2,5,98000
907.0,907,3,6,109008
952.0,952,2,7,135750
1120.0,1128,3,6,155000
1425.0,1425,3,5,180500
1127.0,1165,3,7,174900
1136.0,1136,3,6,140000
1092.0,1092,3,7,145000
1219.0,1265,3,8,179900
1248.0,1350,3,5,168500
1114.0,1114,3,5,140000
1053.0,1053,3,7,145500
1252.0,1252,3,6,142000
1100.0,1100,3,5,141000
1118.0,1118,3,7,153000
0.0,720,2,6,72500
270.0,729,2,6,52000
991.0,1077,2,6,118000
348.0,906,2,7,87000
1296.0,1496,3,6,141500
1032.0,1252,3,5,119000
572.0,1337,3,8,141500
992.0,1661,3,6,165500
1036.0,1036,3,5,112900
864.0,1820,4,6,201800
1362.0,1362,3,5,163000
1144.0,1144,3,6,139950
1319.0,1537,3,9,174000
1099.0,1431,3,5,165000
1104.0,1988,4,7,227000
1098.0,1098,3,7,135000
1144.0,1144,3,5,124000
931.0,1283,3,7,140000
1176.0,1176,3,4,136500
1248.0,1440,2,7,185000
1261.0,1261,3,6,163000
1395.0,1570,3,6,166800
1196.0,1196,2,5,139000
1392.0,1392,3,5,166000
1080.0,1080,3,7,136000
1104.0,1104,3,5,133000
720.0,882,2,6,116000
1152.0,1152,3,6,137500
984.0,950,2,5,130000
998.0,1790,3,5,180000
952.0,952,2,7,139000
773.0,773,2,5,110000
0.0,1764,4,3,100000
832.0,1216,2,5,118500
1824.0,1824,5,5,146000
0.0,869,1,6,89900
747.0,1159,3,8,114000
913.0,1558,3,6,140000
672.0,672,2,7,86900
892.0,1436,3,5,139000
0.0,1294,3,7,106250
858.0,1716,4,6,171000
912.0,1044,3,6,139000
1312.0,1312,3,7,186000
1253.0,1253,2,5,157000
1081.0,1081,3,6,148000
585.0,2069,4,7,242000
105.0,910,3,7,116000
876.0,876,2,7,94000
0.0,1048,3,5,98300
1075.0,1507,4,5,127000
1256.0,1256,3,6,159000
1027.0,1027,3,5,125900
1269.0,1269,3,6,155000
768.0,1320,3,6,138000
936.0,984,2,7,112500
832.0,832,2,6,105500
854.0,1278,4,5,127500
1800.0,1800,6,5,130000
768.0,1588,3,6,150000
825.0,825,2,7,109500
780.0,1796,4,5,140000
780.0,1611,4,6,167900
1117.0,1117,3,5,136870
192.0,1133,3,5,143000
680.0,764,2,5,73000
650.0,1539,3,8,157500
780.0,1323,3,7,122600
680.0,1360,2,5,111000
1510.0,2792,5,7,256000
672.0,672,2,4,64000
728.0,1456,4,7,139500
828.0,1594,3,6,118000
1362.0,2082,3,5,200000
801.0,1656,2,6,119164
936.0,1740,2,5,122250
931.0,1027,2,6,120000
884.0,1436,3,6,155000
481.0,899,2,6,78000
684.0,1080,3,9,95000
789.0,789,2,5,115000
924.0,1122,2,7,147000
904.0,1499,3,6,140000
407.0,407,1,5,46500
928.0,928,3,6,112500
901.0,901,2,7,107900
448.0,1588,5,1,65000
1470.0,3493,3,9,295000
797.0,1627,4,5,139500
876.0,1416,4,8,153900
624.0,1450,3,8,132000
624.0,1344,4,5,98000
346.0,1017,2,7,114000
973.0,2350,4,5,130000
735.0,2058,3,5,129500
572.0,1540,3,9,129400
689.0,1378,3,9,161000
482.0,1912,3,7,163000
742.0,1484,3,6,128000
684.0,2358,4,5,122000
572.0,1111,2,7,116900
1237.0,2775,3,9,325000
723.0,1086,2,1,55000
1313.0,2495,5,7,184000
984.0,984,2,6,110000
1050.0,1795,4,5,131500
0.0,882,2,5,97000
869.0,1093,2,6,115500
1008.0,1143,2,7,138000
672.0,1668,3,7,108000
742.0,935,2,6,79500
1024.0,1738,3,5,153000
784.0,784,2,6,109500
672.0,1210,3,7,124000
554.0,1290,3,9,106900
981.0,1672,3,7,164900
949.0,949,2,7,119000
862.0,1158,3,7,120000
825.0,1497,3,7,157000
739.0,1342,2,5,105000
992.0,1013,3,7,113000
565.0,1216,3,7,115000
704.0,1136,2,7,123000
0.0,808,1,6,81300
1078.0,1573,3,7,162900
989.0,2009,4,5,150000
1100.0,1902,4,5,123500
952.0,1774,2,5,129900
611.0,1362,3,8,128000
520.0,520,1,6,68500
672.0,1285,2,5,127000
833.0,1848,4,7,207000
1026.0,1820,4,6,184000
810.0,1716,4,4,162500
883.0,1505,3,5,145000
816.0,838,2,7,130000
1242.0,1984,5,8,160000
588.0,1666,3,7,161000
796.0,1609,3,8,127500
768.0,768,1,6,93850
768.0,1536,4,6,136000
1272.0,1969,4,6,141000
880.0,1308,2,6,120000
1040.0,1040,2,7,127500
768.0,1236,3,6,127000
319.0,1406,3,7,89500
825.0,825,2,7,125000
901.0,1198,4,7,79900
451.0,759,1,8,85000
536.0,1344,3,3,82375
756.0,1469,3,7,135000
1046.0,1054,3,6,124000
952.0,1211,3,5,134000
720.0,1271,4,5,135000
0.0,1588,4,4,134432
644.0,1355,4,7,127500
981.0,1075,3,6,148000
1040.0,1040,3,5,129500
1008.0,1096,3,5,157500
876.0,904,3,7,109900
992.0,992,3,7,145000
894.0,894,3,7,130000
450.0,1034,3,8,153000
1073.0,1073,3,5,120000
1060.0,1126,2,5,152000
1198.0,1258,0,4,108959
1300.0,1140,3,4,95541
1006.0,1006,3,3,80000
1228.0,1228,3,6,149350
960.0,960,3,8,144900
988.0,1188,1,8,185000
1383.0,1383,3,5,165000
1602.0,1252,1,7,235000
533.0,1601,3,6,140000
672.0,672,2,8,108000
988.0,1721,3,3,145000
576.0,1350,2,7,152400
864.0,904,3,8,144000
1291.0,1291,2,5,173000
1160.0,2022,4,5,192000
1524.0,1524,3,6,245000
1385.0,1363,2,7,241500
1364.0,1663,2,6,256000
1019.0,1357,2,7,177000
570.0,1079,2,5,125600
1094.0,1094,3,5,155000
907.0,2358,5,8,240000
1580.0,1518,2,7,260000
1163.0,1674,4,7,185000
1127.0,2108,4,7,235000
1509.0,1509,3,6,159900
864.0,864,2,5,99600
621.0,1269,3,8,134500
861.0,1367,4,8,119000
1117.0,1347,3,7,107500
1164.0,1164,3,5,125000
572.0,1096,2,5,79000
616.0,1111,3,6,95000
1475.0,2329,4,5,262280
1077.0,2814,4,5,260000
1602.0,1626,3,5,226500
812.0,2200,4,5,225000
672.0,2037,3,5,229000
628.0,1356,3,5,177439
1615.0,1615,3,5,248500
2271.0,2276,3,5,475000
1751.0,1766,3,5,395039
1080.0,2097,3,5,228000
1401.0,1511,3,5,225000
1182.0,1643,2,6,195000
616.0,1688,4,5,200000
990.0,990,3,7,155000
1099.0,1099,3,6,144000
990.0,990,3,5,145000
1418.0,1418,3,5,226001
864.0,1771,3,5,215700
782.0,1652,3,5,207500
873.0,1790,3,5,193000
880.0,1724,3,5,188000
1468.0,1479,3,5,191000
1494.0,1494,3,5,221000
963.0,1792,3,5,231500
928.0,1823,3,5,235000
920.0,1786,3,5,223500
938.0,938,3,6,130250
985.0,985,3,8,149900
864.0,1174,3,6,158000
940.0,1026,3,6,147000
1076.0,1076,3,6,143195
864.0,1558,2,6,163000
924.0,924,3,6,110000
864.0,864,3,7,127000
780.0,780,2,7,124900
1777.0,1795,3,5,230000
1128.0,2031,3,5,237000
992.0,1865,3,5,235000
1257.0,2161,3,5,230500
1004.0,1852,3,5,230000
1153.0,2031,3,5,222500
1055.0,2263,3,5,287000
1357.0,1947,3,5,274000
1778.0,1786,3,5,300000
1128.0,2290,4,5,255900
884.0,1768,3,5,224900
1129.0,2327,4,5,240000
798.0,1640,3,5,183000
850.0,1764,3,5,207000
915.0,1908,4,5,210000
848.0,848,1,5,136500
848.0,848,1,5,145000
1478.0,1493,3,5,208900
1838.0,1838,2,5,185000
1536.0,1536,3,5,214000
856.0,1710,3,5,208500
1445.0,1445,3,5,186500
1436.0,1436,3,5,210000
770.0,1582,3,5,185900
1234.0,1234,3,5,179900
1564.0,1564,3,6,218836
1351.0,1361,3,5,193000
728.0,1456,3,5,189000
848.0,848,1,5,149300
848.0,848,1,5,141000
848.0,848,1,5,149000
848.0,848,1,5,144500
796.0,796,2,7,85000
1272.0,2200,4,7,145900
1092.0,1092,3,5,123000
1256.0,1256,3,6,147500
456.0,1033,3,5,165000
1127.0,1127,3,6,135000
996.0,996,3,6,108000
1138.0,1181,3,5,137500
746.0,1656,3,5,165400
1029.0,1117,3,6,147000
684.0,1398,3,7,160500
1132.0,1132,2,5,176000
0.0,3820,5,7,284700
6110.0,5642,3,5,160000
547.0,1072,2,5,148000
0.0,1152,2,5,82000
0.0,1152,2,5,82000
1440.0,1440,4,4,118000
0.0,1152,2,5,82500
784.0,784,2,5,91900
585.0,1053,2,7,120000
0.0,1137,4,8,96000
911.0,930,2,5,99000
768.0,1200,3,6,130500
941.0,1470,4,6,135000
816.0,1393,3,7,135500
416.0,1204,3,6,100000
949.0,1292,3,7,108000
864.0,864,2,6,98000
864.0,864,2,3,67000
780.0,1716,6,6,135900
672.0,1482,4,8,140000
720.0,2192,4,8,179500
1181.0,1694,4,5,136500
1228.0,1424,2,8,168000
940.0,1964,4,6,130000
612.0,2601,4,6,189000
960.0,1920,4,7,161900
644.0,1316,2,6,145000
588.0,2555,3,7,191000
840.0,1680,4,7,177000
676.0,1264,3,6,147500
768.0,790,2,5,91000
798.0,1512,3,9,231000
1064.0,1639,3,5,115000
784.0,1603,4,3,138000
776.0,1502,3,6,149000
715.0,1660,3,7,188700
942.0,1938,4,6,198000
884.0,1374,3,4,110000
1091.0,1091,2,5,104000
608.0,1873,4,6,257076
728.0,3447,4,9,381000
798.0,1954,3,9,311500
832.0,2161,3,9,263400
1898.0,1898,3,5,236500
1296.0,1640,3,7,224000
516.0,1032,2,6,116500
716.0,1556,3,6,151000
894.0,919,2,8,126000
720.0,1090,3,8,120000
796.0,796,2,4,55000
816.0,816,2,8,120500
740.0,778,2,6,120500
780.0,1200,4,7,119000
624.0,1656,3,5,126000
520.0,912,2,7,99500
1151.0,1955,4,5,165500
0.0,733,2,5,13100
173.0,1361,2,7,89000
649.0,1317,3,4,40000
356.0,1049,2,7,80900
894.0,894,2,4,81000
592.0,864,3,6,65000
1600.0,1652,2,5,392500
1596.0,1648,2,5,294464
1594.0,1646,2,5,250000
1594.0,1646,2,5,275000
1840.0,2032,3,5,300000
1568.0,1689,3,5,271000
910.0,1820,3,5,213000
1096.0,1118,3,6,171000
1196.0,1279,3,6,171500
0.0,1872,4,4,100000
1680.0,1689,3,5,228500
1499.0,1786,3,6,228950
1277.0,1501,2,6,241500
1565.0,2898,2,6,287000
1518.0,1537,3,5,294000
1638.0,1646,3,5,293077
920.0,1780,3,5,264966
352.0,1442,3,5,172500
384.0,1394,3,5,167500
796.0,1612,3,5,218689
1495.0,1495,3,5,150000
1606.0,1651,3,5,184000
1256.0,1256,3,5,180000
1461.0,1509,3,5,175000
1432.0,1440,3,5,232500
1666.0,1675,3,5,195000
1482.0,2262,4,5,305000
1884.0,1728,3,5,298751
1964.0,1964,3,5,370000
1344.0,1344,2,5,209200
1344.0,1344,2,5,206300
1092.0,1092,2,5,146000
1189.0,1189,2,5,160500
1200.0,1200,3,5,173000
1040.0,1040,3,6,124000
264.0,1304,3,6,115000
550.0,1475,4,7,129500
526.0,988,2,7,105000
462.0,988,1,6,94900
1113.0,1160,3,6,152500
546.0,1092,3,9,98000
630.0,630,1,7,81000
988.0,988,2,5,113000
816.0,816,2,7,128500
876.0,923,3,5,119500
816.0,816,3,9,130500
816.0,816,2,8,138000
845.0,845,3,6,134500
983.0,1750,4,7,160000
864.0,889,3,6,137500
784.0,1968,4,4,172000
686.0,1836,4,1,103000
1587.0,1587,3,6,167300
1277.0,1277,2,5,167000
2223.0,2223,3,6,244000
2217.0,2217,4,6,268000
847.0,1733,3,5,225000
806.0,1572,3,5,168000
794.0,1470,3,6,177000
916.0,1600,3,5,169000
384.0,1384,3,5,161500
1494.0,1652,2,5,251000
392.0,1694,3,5,160000
923.0,1714,3,5,180000
691.0,1553,3,5,178750
1237.0,1253,3,5,176000
938.0,2299,5,5,204000
1168.0,1187,3,5,160000
384.0,1472,3,5,160000
384.0,1482,3,5,163900
903.0,1642,3,5,168000
1302.0,1128,3,6,154204
1074.0,1088,2,5,170000
1190.0,2090,3,5,207500
1166.0,1179,2,5,182000
1312.0,1321,1,5,212000
1922.0,1922,3,5,377426
1149.0,2541,4,5,349265
2660.0,2338,4,5,591587
1100.0,1424,3,5,155000
1612.0,1612,2,5,319900
1419.0,1419,2,6,392000
2220.0,2234,1,5,441929
1742.0,2042,3,5,455000
1440.0,1440,3,7,182900
1284.0,1284,3,5,174000
585.0,1868,3,7,178000
725.0,1479,3,7,176000
1529.0,1664,3,6,213000
780.0,1930,4,5,192000
808.0,1969,3,6,190000
848.0,2030,4,6,195000
1032.0,1032,3,6,148000
1153.0,1177,3,6,151500
539.0,1725,3,6,197000
1259.0,1353,2,5,192350
780.0,1620,4,5,152000
1625.0,1220,2,5,170000
1484.0,1484,3,6,175000
702.0,1743,3,6,175000
793.0,1935,3,7,197900
1228.0,1324,3,6,174000
1084.0,1877,4,6,178900
372.0,1109,3,7,139000
981.0,981,3,5,143250
725.0,1479,4,9,184000
925.0,1422,3,6,155000
914.0,914,3,5,133000
950.0,950,3,5,119500
858.0,872,3,5,123000
858.0,858,2,6,110000
914.0,914,2,7,128000
864.0,864,3,6,120500
723.0,767,1,5,133000
1337.0,1337,2,5,155000
1405.0,1337,2,5,177000
525.0,1092,3,6,113500
672.0,1218,3,5,113000
672.0,1218,4,5,113700
630.0,1302,3,5,106000
765.0,1365,2,5,122500
1078.0,958,2,5,128000
804.0,1548,3,6,155000
1061.0,1055,2,7,142500
988.0,988,3,6,129250
1790.0,1816,3,5,356000
1822.0,1828,3,5,314813
1694.0,1694,3,5,318000
1694.0,1694,3,5,322400
1734.0,1734,3,5,318000
2108.0,2122,2,5,345474
2121.0,2121,3,5,415298
1934.0,2656,3,5,492000
1108.0,2550,4,5,338931
1994.0,2046,2,5,450000
1063.0,2172,3,5,280000
2552.0,2552,3,5,479069
1935.0,1973,3,5,395000
2153.0,2643,3,5,380000
1626.0,1634,3,5,250000
1976.0,1976,2,5,440000
1704.0,2758,4,5,418000
2320.0,2290,2,5,500067
1582.0,2152,3,5,260116
1143.0,2473,4,5,317000
918.0,2100,3,5,319500
1582.0,2161,3,5,325624
1802.0,1802,3,5,372000
1706.0,2956,5,5,342000
1136.0,2468,4,5,354000
1317.0,2385,3,5,350000
1181.0,2374,4,5,285000
895.0,1818,3,5,281500
1614.0,1614,3,5,245700
1721.0,1721,3,5,232698
1298.0,1828,3,5,250000
1362.0,1362,2,5,194700
1302.0,1302,1,5,204000
1302.0,1302,1,5,200000
1362.0,1362,2,5,207000
1554.0,1554,2,5,209500
1554.0,1554,2,5,209500
1370.0,1370,2,5,202500
1577.0,1577,2,5,280000
1561.0,1561,2,5,277500
1869.0,1869,2,5,318061
1324.0,1324,2,5,221370
1405.0,1405,2,5,200000
768.0,1496,3,5,181755
768.0,1536,3,5,176000
783.0,1484,3,5,178900
608.0,1458,3,5,168165
738.0,1495,3,5,171925
698.0,1746,3,5,198444
1326.0,1326,3,5,203000
728.0,1456,3,5,179540
1302.0,1302,3,5,176485
1340.0,1340,3,5,181134
616.0,1412,3,5,156932
752.0,1504,3,5,166000
728.0,1456,3,5,177594
1246.0,1258,3,6,173500
1258.0,1258,2,5,172500
1258.0,1402,2,5,194201
1406.0,1589,2,5,226500
1266.0,1266,2,5,185485
1530.0,1530,3,5,259000
835.0,1119,2,5,188500
384.0,1374,3,5,175000
847.0,1959,4,5,215000
1510.0,1525,3,5,206580
840.0,1720,3,5,183500
384.0,1394,3,5,165500
847.0,1948,4,5,211000
924.0,1690,3,5,181000
854.0,1995,4,5,219500
953.0,1647,3,5,175000
384.0,1430,3,5,170000
660.0,1320,3,5,162000
915.0,1690,3,5,187000
941.0,1644,3,5,185000
2396.0,4476,4,5,745000
1779.0,2551,4,5,384500
969.0,2285,4,5,248000
2633.0,2633,2,5,466500
1408.0,3078,4,5,410000
1389.0,2582,4,5,322500
1066.0,2385,4,5,252000
2444.0,4316,4,6,755000
1117.0,2013,3,5,269790
1379.0,2398,3,5,315750
1203.0,2520,4,5,290000
1318.0,2531,4,5,290000
3200.0,3228,4,5,430000
1105.0,2202,4,5,263000
1325.0,2538,4,5,330000
1369.0,1369,3,6,213133
1542.0,1542,3,5,260261
1905.0,1905,3,5,320000
1485.0,1464,3,5,282922
1524.0,1534,3,5,215000
1966.0,1966,1,5,419005
1623.0,1636,3,5,255000
1795.0,1795,2,5,147000
1528.0,1528,3,5,235876
1726.0,1726,3,5,311872
1689.0,1689,3,6,248328
1588.0,1588,3,5,227000
1538.0,1538,3,5,260000
1496.0,1496,3,5,225000
1494.0,1506,3,5,249000
1686.0,1694,3,5,307000
982.0,1977,3,5,250000
1302.0,1830,3,5,221300
1338.0,1338,3,5,208900
1335.0,1335,3,5,210400
896.0,1792,3,5,255000
725.0,1588,3,5,212109
1088.0,1959,3,5,270000
1184.0,2610,4,5,303477
955.0,1880,3,5,310013
1656.0,1656,3,5,249700
874.0,1761,3,6,227875
1574.0,1584,2,5,261329
1685.0,1685,2,5,253000
1158.0,2443,4,5,265000
1580.0,2466,4,5,340000
1100.0,1100,3,5,146000
1143.0,1143,3,5,147000
1094.0,1094,3,5,149000
1461.0,1486,3,5,181000
928.0,1721,3,5,201000
864.0,1820,3,5,191750
1349.0,1349,3,5,179000
1482.0,1494,3,5,215000
1575.0,1575,2,5,179200
630.0,1266,2,5,128000
840.0,884,2,7,144000
0.0,2020,4,5,144000
894.0,894,2,5,120750
970.0,970,2,6,132500
1057.0,1057,3,5,132000
999.0,999,3,7,132500
1040.0,1120,3,5,129000
1140.0,1696,3,5,143900
1040.0,1040,3,7,145000
988.0,988,3,5,128500
876.0,902,3,6,125500
1223.0,2503,3,5,300000
1192.0,2167,3,7,294000
1037.0,1037,2,5,129000
1390.0,1701,3,5,171000
1044.0,1055,2,7,147000
1453.0,2810,4,5,302000
1683.0,2872,4,5,285000
1378.0,1378,2,5,214000
1141.0,1151,2,5,166000
1511.0,1565,2,5,193800
1352.0,1352,2,5,208900
1352.0,1352,2,5,194000
1550.0,1550,2,5,207500
1241.0,1241,1,5,199900
625.0,1250,2,5,164700
744.0,1501,3,5,176500
729.0,1458,2,5,176000
756.0,1512,2,5,168500
756.0,1573,3,5,177000
756.0,1525,3,5,177000
551.0,1102,2,5,148800
776.0,1441,2,5,174000
975.0,1950,3,5,239000
1339.0,1358,3,5,204000
1054.0,2048,3,5,301000
1220.0,2362,3,5,312500
1494.0,1494,1,5,279700
2002.0,2362,3,6,255000
1360.0,1432,2,7,194000
1437.0,1437,3,8,218000
1057.0,1295,1,6,213750
528.0,1855,3,7,187000
1262.0,1262,3,8,181500
2461.0,2497,2,5,373000
1361.0,2620,4,5,190000
1057.0,1929,3,5,226000
912.0,1152,3,6,143450
1008.0,2411,4,6,240050
973.0,1082,3,6,162500
1295.0,1295,3,5,164000
1124.0,1610,3,7,185000
1594.0,1594,2,6,188500
1148.0,2075,3,6,255000
1680.0,1680,4,6,136905
1093.0,1093,3,7,158500
1242.0,1242,3,6,175500
1052.0,1052,3,5,127000
949.0,1107,3,6,127000
1214.0,1214,3,5,143000
1073.0,1073,3,7,156000
1024.0,1344,2,5,144000
1728.0,1728,6,4,119000
0.0,1224,2,5,103000
978.0,1422,3,5,139900
958.0,958,2,8,151500
1065.0,1065,3,5,126500
588.0,1138,3,8,145000
912.0,912,2,7,120000
894.0,1074,2,5,124000
0.0,882,3,7,106500
864.0,1187,2,5,140500
964.0,964,3,7,137500
894.0,894,3,7,117600
1174.0,1200,3,6,163500
1042.0,1042,3,5,161000
1302.0,1302,3,7,158000
845.0,2154,5,7,224500
1130.0,1374,3,5,147000
1592.0,1652,3,7,200000
1144.0,1429,3,6,181900
1063.0,1327,3,6,150750
0.0,1224,2,5,101800
932.0,932,2,5,124000
822.0,908,2,7,138500
0.0,334,1,3,39300
666.0,666,2,3,64500
370.0,670,2,5,64000
808.0,808,2,8,112000
816.0,1977,4,6,165000
1078.0,1150,2,6,144000
928.0,1920,4,5,137000
768.0,1376,3,5,105000
728.0,1644,3,7,146500
1560.0,1560,4,5,126000
793.0,1280,3,6,175000
1218.0,1254,3,5,158500
912.0,912,2,5,114500
874.0,1524,3,5,144000
1021.0,2380,3,5,129000
936.0,936,2,7,141000
1008.0,1008,3,6,131000
1053.0,1053,3,7,142100
1056.0,1056,3,6,139000
1442.0,1442,4,6,157900
1056.0,1056,3,7,139400
1244.0,1244,3,6,150000
1144.0,1144,3,5,120000
1331.0,1721,4,6,174850
922.0,922,2,5,116000
1048.0,1048,3,5,135000
1657.0,1657,3,3,163500
1204.0,1411,3,6,130000
1216.0,1216,3,5,129500
864.0,1154,3,9,142000
1560.0,1560,4,5,128600
948.0,948,2,6,125000
1040.0,1040,3,7,136000
1008.0,1008,2,7,134500
925.0,925,3,8,127000
384.0,1360,3,5,130000
1190.0,1540,4,4,115000
923.0,925,3,5,116900
928.0,928,2,7,132000
1105.0,1647,3,6,153000
924.0,924,2,5,112500
925.0,1544,3,7,138000
845.0,893,2,7,135000
1216.0,1728,3,6,156000
666.0,3086,4,4,301600
735.0,1034,2,6,109000
882.0,882,1,6,103200
1151.0,1281,1,7,128500
656.0,968,4,6,64500
736.0,1534,3,9,148000
691.0,691,2,6,86000
725.0,1651,4,5,172000
920.0,888,3,7,120000
952.0,952,3,6,128500
1040.0,2080,5,5,135000
672.0,924,3,7,122900
1082.0,1082,2,5,119200
1040.0,1846,3,6,143000
876.0,988,3,7,119000
864.0,1238,3,3,102000
864.0,864,3,8,129000
1010.0,1134,2,7,135000
1040.0,1040,3,7,152000
1170.0,1170,3,6,140000
1242.0,1242,3,5,152000
1377.0,1377,3,5,156500
1800.0,1800,6,4,141000
0.0,925,3,6,99000
822.0,1851,3,8,187000
864.0,1812,4,5,169500
864.0,864,2,5,125500
896.0,936,3,5,130000
850.0,960,2,7,103000
264.0,1432,2,7,132000
845.0,1296,3,6,127500
1022.0,1022,2,5,89500
936.0,936,2,5,140000
967.0,967,2,6,99900
641.0,1047,2,7,100000
808.0,1072,2,8,130000
680.0,1174,2,8,135000
649.0,1183,2,7,120000
907.0,1131,2,7,89471
570.0,1141,3,6,85000
960.0,960,2,4,108500
1075.0,1798,4,8,137000
686.0,866,2,9,110500
968.0,968,2,6,100000
725.0,1772,3,9,184900
728.0,1642,4,6,145000
702.0,1472,3,8,125000
616.0,1232,3,7,114000
662.0,2337,5,5,90000
926.0,1650,3,8,144100
1008.0,2210,5,4,117500
687.0,1358,3,7,124500
819.0,2454,3,8,185000
1214.0,2291,4,6,133900
1149.0,1616,3,7,152000
1559.0,1559,2,6,153500
718.0,2554,3,8,159500
912.0,1248,2,5,87000
0.0,968,2,6,104500
0.0,1382,1,7,110000
756.0,1060,1,7,136500
910.0,1435,3,6,128250
915.0,1167,3,5,144000
1065.0,1635,3,7,210000
728.0,1274,3,7,135000
600.0,1232,3,6,128000
735.0,1218,3,6,131000
884.0,884,2,7,113000
861.0,1409,3,5,126000
672.0,1322,4,8,132000
966.0,1426,3,7,131750
756.0,1281,2,6,132500
939.0,1513,4,8,137500
832.0,854,2,8,132000
884.0,1367,3,6,127500
960.0,986,2,5,102000
1100.0,2264,4,8,200000
764.0,1824,3,6,180500
768.0,1376,3,7,165000
750.0,1316,4,5,90000
698.0,1396,3,7,153575
672.0,1344,3,6,140000
714.0,2526,5,7,136000
592.0,1173,3,4,113000
969.0,1214,2,3,117000
1040.0,1818,4,4,169500
637.0,1108,3,7,139400
741.0,2294,5,6,202500
684.0,1355,3,7,127000
780.0,1375,3,6,141000
976.0,1952,4,9,212300
1138.0,2180,3,5,161000
808.0,1315,3,6,99500
530.0,1111,3,7,101000
1196.0,1196,2,7,109900
720.0,1382,2,6,128500
925.0,1889,4,4,122000
672.0,840,3,7,87000
771.0,1484,3,1,50000
1005.0,2267,3,8,219000
1598.0,3086,3,6,200500
756.0,1134,3,6,126000
672.0,1282,2,6,108500
925.0,999,3,5,130000
1420.0,1452,2,5,158450
1005.0,1005,3,3,115400
1029.0,1029,3,5,118500
980.0,1020,3,8,165000
1040.0,1040,3,4,123000
814.0,913,3,5,129000
894.0,894,3,5,125000
948.0,948,3,5,108000
768.0,868,2,6,119900
876.0,897,3,5,115000
943.0,943,2,5,134500
955.0,955,3,7,127000
894.0,894,3,5,129000
660.0,1285,3,5,143500
912.0,912,3,7,129000
1240.0,1375,3,5,187000
671.0,2654,4,4,158000
816.0,1416,3,7,112000
680.0,1302,2,8,165250
967.0,1299,3,5,150000
1158.0,1176,3,6,137000
0.0,998,3,7,89500
1643.0,1824,2,5,302000
1190.0,1522,3,5,182000
1151.0,2060,4,5,211000
409.0,1325,3,7,216000
1073.0,1630,3,5,130000
484.0,1242,2,5,109900
1288.0,2422,4,7,255000
1202.0,2158,4,7,243000
988.0,1626,3,6,154000
864.0,864,3,5,118000
0.0,943,3,5,80000
1440.0,1440,4,3,150000
528.0,605,2,7,86000
1038.0,1038,2,6,130000
1342.0,1342,4,6,125000
1080.0,1480,4,6,136500
951.0,1362,4,5,96000
0.0,1340,3,6,120000
1105.0,1822,4,5,228500
910.0,1442,3,5,179900
700.0,2243,4,5,225000
1502.0,2730,4,5,301000
1104.0,2127,4,5,238000
807.0,1982,3,6,228500
779.0,1958,3,5,220000
1264.0,2696,4,5,383970
1466.0,2828,4,5,424870
1643.0,1651,3,5,250000
2140.0,2140,3,5,360000
1494.0,1494,3,5,279500
1316.0,1316,3,5,200141
1643.0,1651,3,5,246500
1482.0,2574,3,5,276000
1274.0,1274,3,5,203000
728.0,1456,3,5,155835
1240.0,1240,2,5,194000
1208.0,1208,2,5,195400
1546.0,1546,3,5,217000
1489.0,1500,3,5,212999
1270.0,1270,2,5,175900
879.0,1795,3,5,191000
1314.0,1314,3,5,176432
1157.0,2062,3,5,277000
929.0,1873,3,5,207000
1444.0,2144,4,7,277000
1580.0,1953,3,5,240000
832.0,2087,5,8,187500
966.0,1743,0,6,279000
1022.0,1022,3,5,139500
990.0,990,3,5,126000
1200.0,1200,3,5,177500
635.0,1308,3,6,175000
794.0,1796,3,5,211000
990.0,990,3,7,146000
1097.0,1097,3,5,147900
990.0,990,3,5,123600
824.0,1786,3,5,204750
988.0,1873,3,5,235500
853.0,1753,3,5,217000
845.0,1690,3,5,190550
985.0,1842,3,5,217500
1453.0,1479,3,5,226000
840.0,1668,3,5,180000
864.0,894,3,5,131000
1015.0,1025,3,5,153500
995.0,1009,3,7,160000
1040.0,1040,3,5,134900
876.0,907,3,4,130000
864.0,879,3,6,120000
882.0,882,3,5,112500
969.0,969,3,6,122000
864.0,864,3,5,127000
385.0,875,3,8,117000
2000.0,2000,3,5,305900
1284.0,2169,3,5,228500
1673.0,1673,3,5,270000
1459.0,1459,3,5,192000
979.0,1932,3,5,213000
860.0,1729,3,5,200000
1028.0,2452,4,5,267000
1556.0,1592,3,5,228000
1531.0,2439,4,5,275000
860.0,1992,3,5,211000
1626.0,1668,3,5,285000
1220.0,2090,3,5,240000
848.0,848,1,5,131500
1341.0,1341,1,5,246900
847.0,1928,4,5,219500
1337.0,1337,3,5,185000
738.0,1476,3,5,179400
939.0,1797,3,5,213500
1422.0,1422,3,5,179600
1169.0,1190,2,5,173500
1330.0,1330,3,5,167840
738.0,1491,3,5,168675
768.0,1536,3,5,167000
1214.0,1214,2,7,140000
936.0,936,2,5,118500
1088.0,1088,2,6,110000
960.0,960,3,5,94750
901.0,1351,3,6,122000
1179.0,1179,2,6,110000
816.0,816,3,5,118500
960.0,1044,3,6,133500
1143.0,1113,3,7,148000
0.0,2233,5,6,141000
1125.0,1125,2,5,155000
1090.0,1090,2,5,157000
734.0,1408,3,5,171500
5095.0,5095,2,5,183850
3138.0,4676,3,5,184750
547.0,1072,2,5,140000
960.0,960,2,7,131750
0.0,1152,2,3,61500
864.0,948,3,5,111000
1195.0,1195,4,6,98500
544.0,774,3,6,79000
660.0,865,2,8,108500
894.0,894,3,5,110000
560.0,1346,2,7,112000
768.0,768,2,5,125000
864.0,864,3,5,79275
948.0,948,3,6,119000
1440.0,3395,8,7,200000
1296.0,2592,6,6,150000
602.0,1502,3,7,165000
768.0,789,2,5,96500
1290.0,1422,3,5,136500
651.0,1298,2,7,146500
731.0,1768,3,7,175000
531.0,1098,2,8,148500
585.0,1436,3,7,141500
912.0,1426,3,8,189950
686.0,1461,3,8,135000
918.0,1646,4,5,164000
440.0,694,2,6,90350
661.0,1250,3,6,139000
920.0,954,2,7,119750
979.0,1958,4,6,145000
1001.0,2002,4,6,145000
851.0,1718,4,7,238000
0.0,1226,2,5,153500
1370.0,2624,4,6,239000
965.0,3194,4,6,359100
930.0,1755,4,6,188000
854.0,1991,3,7,220000
728.0,1355,3,5,140000
853.0,2727,3,8,315000
1028.0,2320,3,8,259500
1477.0,1839,3,7,257500
800.0,1740,3,6,219500
1809.0,2259,3,5,217000
1560.0,1560,3,4,201000
1488.0,1488,3,6,215000
516.0,1045,2,6,123900
1680.0,1680,4,5,170000
1004.0,1020,1,5,200000
1696.0,1696,3,5,198000
2035.0,2515,4,3,200624
279.0,2726,2,5,315000
793.0,1517,3,7,115000
720.0,1215,3,7,141000
720.0,803,2,6,87000
936.0,1601,3,7,129850
732.0,1123,3,5,100000
859.0,1828,3,6,150909
816.0,816,2,7,75200
1012.0,1012,2,5,118400
961.0,1077,2,2,67000
910.0,1558,4,5,152000
0.0,845,1,4,68104
957.0,1991,4,6,119600
1073.0,1073,3,6,140000
837.0,1001,2,9,124900
1573.0,1625,2,5,375000
1573.0,1625,2,5,235000
1001.0,1299,2,6,183500
888.0,912,2,6,156000
1084.0,1080,3,5,134000
1441.0,1392,3,5,215000
1409.0,1409,1,5,245000
1454.0,1478,3,5,210000
852.0,918,3,6,148000
970.0,1026,2,6,143000
1501.0,1501,2,6,244000
1502.0,1502,1,5,330000
1350.0,1328,2,6,170000
585.0,2279,4,8,257000
1689.0,1689,3,5,231713
1546.0,1564,2,5,267300
1476.0,1484,2,5,265900
1571.0,1571,3,5,239000
1638.0,1646,3,5,248900
1265.0,1240,3,7,174000
1156.0,1717,3,5,187500
872.0,1756,3,5,204000
1267.0,1312,2,5,180500
868.0,1146,3,5,187500
1922.0,1922,2,5,282000
1491.0,1491,3,5,178000
1616.0,1629,3,5,270000
1122.0,2486,5,5,279900
1572.0,1572,3,4,186700
1732.0,1776,3,5,283463
1824.0,1824,3,5,392000
1094.0,2482,4,5,281213
1120.0,1120,3,5,147000
0.0,2034,2,5,130000
920.0,936,0,5,140000
1064.0,1040,3,5,132250
1632.0,1632,4,4,143000
1249.0,1622,3,4,168000
1040.0,1060,3,7,129900
1142.0,1142,3,5,134000
546.0,1092,3,4,85500
530.0,992,2,5,106500
546.0,1092,3,6,93900
546.0,1092,3,5,75000
630.0,630,1,6,84500
546.0,1092,3,3,75190
1029.0,1062,3,5,146800
923.0,1008,1,5,153500
1244.0,1356,3,6,188000
1160.0,1676,3,6,196000
716.0,1432,3,7,157000
796.0,796,2,7,138000
768.0,768,2,7,129500
1396.0,1608,3,3,80000
845.0,845,2,6,129500
1090.0,1178,3,6,135000
816.0,816,2,7,124500
816.0,816,2,7,139000
974.0,974,3,5,93500
864.0,887,3,6,124500
1178.0,1293,2,5,149900
1008.0,1024,2,6,157500
1617.0,1797,3,5,169000
1705.0,1390,1,6,252000
1851.0,1851,3,6,192100
813.0,1525,3,5,183500
964.0,2236,4,5,222000
781.0,1671,3,5,170000
691.0,1498,3,5,187500
821.0,1776,3,5,202000
802.0,1511,3,5,185000
1392.0,2462,4,5,320000
1670.0,1670,3,5,240000
1074.0,2064,4,5,250000
893.0,1801,3,5,239900
1700.0,2212,3,5,309000
868.0,2021,3,5,274725
2062.0,2687,4,5,270000
1160.0,1169,3,6,183500
697.0,1501,3,5,165600
935.0,1632,3,5,176500
1191.0,1204,2,5,130000
1064.0,1767,2,7,239000
1742.0,1742,2,5,275000
1398.0,2798,3,5,457347
1528.0,3390,5,5,545224
1094.0,2473,4,5,356383
1992.0,2868,4,5,556581
1234.0,2576,4,5,361919
1850.0,2698,4,5,535000
1390.0,2795,4,5,401179
1410.0,2945,3,5,438780
0.0,2320,2,6,169000
1056.0,1056,3,5,145000
1714.0,1714,2,5,318000
1814.0,1826,3,5,319000
1910.0,2000,3,5,470000
1208.0,1621,3,7,202500
1204.0,2183,4,5,229000
795.0,2263,3,7,235000
796.0,1574,3,5,190000
988.0,1102,2,6,169000
1845.0,1872,3,5,241500
945.0,1857,4,5,188900
1686.0,1686,3,6,207500
1392.0,2784,5,5,250000
713.0,1552,3,6,179900
1047.0,1083,2,5,172000
960.0,2318,3,5,294323
675.0,1875,3,6,184500
1056.0,1074,3,6,153500
832.0,1664,4,5,162900
1040.0,1309,3,6,181000
1103.0,1103,3,6,155000
1096.0,1096,3,5,138800
864.0,864,3,5,116050
858.0,858,3,4,88000
864.0,874,3,4,97500
1487.0,1419,2,5,190000
525.0,1092,3,5,105500
765.0,1365,3,6,125500
483.0,987,2,5,83000
494.0,1030,3,7,116000
672.0,1218,3,5,91500
672.0,1218,3,7,118000
483.0,948,2,5,89000
525.0,1092,3,5,108000
483.0,987,2,5,94500
1069.0,1069,2,5,146300
943.0,1387,3,7,145000
864.0,900,3,5,123000
1055.0,1055,2,7,137500
855.0,1456,3,5,144000
1980.0,1980,3,5,315000
1738.0,2589,4,5,412083
1249.0,2596,4,5,342643
1618.0,1618,2,5,252000
2076.0,2076,2,5,465000
1721.0,1740,4,5,293000
1868.0,1868,2,5,415000
1833.0,1850,3,5,326000
1158.0,2376,4,5,325300
1117.0,2452,4,5,309000
1090.0,2206,4,5,300000
1030.0,2098,3,5,275500
1606.0,2091,3,5,338500
1175.0,2324,4,5,345000
1209.0,2253,3,5,344133
1054.0,2389,4,5,298236
1524.0,2358,4,5,329900
1896.0,1944,3,5,360000
1085.0,1970,3,5,281000
1792.0,1792,2,5,372397
1780.0,1780,2,5,378000
1792.0,1792,2,5,374000
1848.0,2728,4,5,437154
1058.0,1904,3,5,275000
1420.0,1914,3,5,279000
1364.0,1364,2,5,185850
1560.0,1565,2,5,282500
1368.0,1368,2,5,202500
1368.0,1368,2,5,202665
1686.0,1686,1,5,332200
1666.0,1666,2,5,310090
1405.0,1405,2,5,171750
1316.0,1316,3,5,169990
728.0,1456,3,5,170440
738.0,1492,3,5,169985
654.0,1496,3,5,179665
879.0,1863,4,5,219210
1326.0,1326,3,5,174190
728.0,1456,3,5,172785
1052.0,2373,4,5,258000
738.0,1492,3,5,185101
1220.0,1364,2,5,210250
1374.0,1557,2,5,234000
1273.0,1456,2,5,215000
1368.0,1511,2,5,246990
1375.0,1414,2,5,178740
1365.0,1548,2,5,225000
1248.0,1248,2,5,167240
1142.0,1142,2,5,156820
1362.0,1506,2,5,213490
1520.0,1567,1,5,264561
1356.0,1500,2,5,246578
732.0,1838,4,5,192140
783.0,1509,3,5,183200
707.0,1414,3,5,178000
848.0,1598,3,5,201490
1406.0,1936,3,5,230500
783.0,1509,3,5,180000
953.0,1664,3,5,172400
982.0,1889,3,5,215000
930.0,1886,4,5,199900
959.0,1671,3,5,173000
1035.0,2322,4,5,287602
975.0,2291,4,5,230000
1396.0,2392,3,5,348000
1044.0,1976,3,5,286000
1160.0,2234,3,5,300000
1930.0,3627,4,5,625000
1540.0,2855,4,5,405000
1086.0,1924,3,5,280000
1141.0,2263,4,5,258000
1342.0,2726,4,5,350000
1733.0,3500,4,5,584500
1290.0,2494,4,5,321000
1165.0,2526,4,5,290000
1286.0,2799,3,5,315000
1100.0,1964,3,5,252000
1670.0,1670,2,5,336820
2077.0,2097,1,5,423000
1660.0,1660,3,5,290000
1616.0,1616,3,5,232000
1504.0,1504,3,5,199000
1278.0,1278,2,5,198600
2036.0,2640,3,5,405749
1489.0,1489,3,5,232600
1095.0,1939,3,5,266000
756.0,1553,3,5,186500
858.0,1716,3,5,200825
770.0,1576,3,5,197000
1262.0,1262,2,5,185000
1257.0,1266,3,5,176000
1293.0,1301,2,5,187750
1142.0,1142,3,5,139500
1400.0,1400,3,5,186800
1131.0,1131,3,5,132000
1141.0,1141,3,5,142500
1158.0,1158,3,5,158000
891.0,1686,3,5,184000
784.0,1585,3,5,184900
941.0,1837,3,5,187000
761.0,1603,3,5,175900
836.0,1731,3,5,248500
1398.0,1398,2,5,172000
1217.0,1217,2,5,151000
636.0,1320,3,5,150000
1056.0,1056,2,4,107000
828.0,965,3,5,119900
988.0,988,3,4,129500
1728.0,1728,6,5,125000
0.0,1654,4,6,119500
864.0,1211,2,6,144000
506.0,1212,3,7,151000
984.0,984,3,5,126000
882.0,909,3,6,116000
925.0,925,2,6,133500
1024.0,1024,3,6,120875
935.0,935,3,6,137000
912.0,912,3,6,124000
912.0,1236,3,7,135000
912.0,941,3,6,129200
1748.0,2646,3,4,260000
1288.0,2417,4,5,260000
1334.0,2826,3,5,334000
1338.0,2520,5,7,310000
1095.0,2295,4,5,268000
1624.0,1624,2,5,262000
1143.0,1143,1,5,176400
1247.0,1247,1,5,197000
600.0,1200,2,5,151000
600.0,1223,2,5,147400
600.0,1223,2,5,149900
600.0,1200,2,5,144152
756.0,1524,2,5,166000
691.0,1452,3,5,183900
673.0,1382,3,5,165000
530.0,1080,2,5,139000
569.0,1694,3,5,200000
1568.0,1568,3,5,221000
1494.0,1494,2,5,270000
1208.0,1208,3,6,165000
1235.0,1235,1,5,214000
1036.0,1036,1,5,188000
1226.0,1226,1,5,190000
1226.0,1226,1,5,170000
1842.0,1842,0,5,385000
1153.0,1193,2,6,146500
570.0,1920,4,6,170000
1568.0,2156,3,7,262500
708.0,1416,3,6,179900
1054.0,2654,4,7,250000
732.0,1790,4,5,165150
1334.0,1334,3,6,164500
1164.0,1164,3,5,140000
980.0,980,3,5,135500
1051.0,1051,3,5,142000
900.0,1770,4,5,155000
976.0,976,2,7,157500
1052.0,1052,3,5,138500
833.0,898,3,6,140000
1051.0,1051,3,5,124400
1141.0,1141,3,7,158000
864.0,1200,1,8,146000
825.0,1993,4,5,190000
1050.0,1050,3,6,136500
864.0,864,3,5,129900
1626.0,1712,4,5,145000
1187.0,1565,3,7,185900
1251.0,1251,3,6,160000
1008.0,1488,3,6,167000
720.0,1440,4,6,157500
588.0,1095,2,5,140000
1008.0,1053,3,7,150000
1248.0,1248,3,7,151500
816.0,816,2,8,129800
1008.0,1008,2,6,137000
938.0,1043,2,7,137000
747.0,1230,3,7,121600
440.0,869,2,7,85500
600.0,747,1,5,79900
504.0,1252,3,8,127000
1251.0,1433,3,6,161000
1444.0,1624,2,6,146500
1056.0,1216,3,5,135000
2136.0,2136,4,3,137900
806.0,1578,3,7,133000
704.0,1728,3,6,137000
936.0,936,2,6,121000
1584.0,1584,4,5,119000
1246.0,1246,3,5,172000
1235.0,1235,2,3,98600
924.0,2157,4,6,226000
936.0,1128,2,5,118000
1360.0,3112,4,4,235000
1008.0,1008,2,7,135000
1106.0,1190,3,6,132500
1144.0,1144,3,6,143000
1179.0,1364,3,5,132000
1383.0,1383,3,5,145250
1121.0,1336,3,6,162000
1058.0,1370,3,6,148000
1092.0,1092,2,5,141000
1124.0,1124,3,6,153000
1070.0,1236,2,6,134450
943.0,943,2,5,135960
1050.0,1050,3,8,156000
1367.0,1375,2,5,140000
1008.0,1008,2,6,139500
216.0,1575,2,6,155000
301.0,1145,3,7,127000
1005.0,1005,2,5,133500
1056.0,1056,3,6,125000
884.0,884,2,6,142000
929.0,2039,3,5,167000
1015.0,1384,2,5,159000
2171.0,2640,5,5,180000
784.0,1312,3,6,127000
617.0,1310,2,6,112000
713.0,713,2,8,99800
833.0,833,2,7,117000
1073.0,1073,2,6,108480
715.0,715,2,3,68000
448.0,720,1,8,86900
1120.0,1130,2,6,120000
663.0,1595,3,8,155500
1077.0,1760,4,4,80000
672.0,1214,3,4,105000
954.0,2414,3,4,160000
796.0,1466,3,8,170000
1088.0,1324,3,5,160000
1024.0,1086,3,5,159950
1083.0,1146,3,5,165000
912.0,1734,3,7,159000
1135.0,1207,3,5,147000
912.0,912,2,5,115000
655.0,1194,3,6,159500
864.0,864,2,6,120000
816.0,816,2,7,129900
1313.0,1773,3,6,183000
0.0,1472,2,5,157500
1438.0,2448,3,8,277500
1484.0,1600,2,6,207500
910.0,1521,3,6,147500
720.0,1192,4,4,135000
0.0,1040,2,7,109500
0.0,1040,2,5,109900
1040.0,1040,3,5,133700
0.0,1040,2,4,81400
0.0,1040,2,4,87500
0.0,1040,2,4,93500
1556.0,1556,4,5,119000
1150.0,1150,3,6,141000
1150.0,1150,3,4,146000
660.0,1348,3,5,155000
925.0,999,3,5,134500
1045.0,1045,3,6,120000
864.0,864,3,6,105000
1025.0,1025,3,5,124000
716.0,2014,5,8,169000
686.0,1328,3,4,107000
1212.0,1668,3,6,135000
1147.0,1657,4,6,111500
780.0,1416,3,8,156500
728.0,1641,3,7,178000
712.0,1428,4,7,139900
502.0,1004,2,8,105000
813.0,813,2,8,110000
938.0,1951,4,6,111500
1032.0,1032,2,5,108000
844.0,844,2,7,111500
636.0,1750,3,6,124000
576.0,864,2,5,105000
648.0,1118,2,8,116000
738.0,1376,2,5,96900
960.0,960,3,7,135500
816.0,1566,5,7,139000
492.0,492,1,5,61500
770.0,1182,3,7,120000
1162.0,1163,3,8,126175
798.0,840,2,4,64000
1020.0,1928,4,8,137000
1095.0,1774,4,2,87000
880.0,1768,2,7,163000
1226.0,2104,5,6,155000
540.0,1440,3,4,79000
815.0,1690,3,6,144000
684.0,1368,3,7,114504
596.0,1762,4,7,157000
1200.0,1200,4,5,125000
1107.0,3608,4,9,475000
624.0,1248,2,7,93500
960.0,960,3,5,125000
1020.0,1020,2,3,64500
788.0,788,2,5,100000
972.0,1577,3,5,140200
848.0,1827,2,7,202500
1004.0,1664,3,7,159000
793.0,1118,3,7,119900
816.0,1176,3,6,114500
896.0,1344,3,4,115000
728.0,1162,3,5,75000
768.0,1015,3,7,88000
0.0,912,2,5,80500
1042.0,1576,3,6,149000
741.0,1324,3,7,110000
1103.0,1103,2,6,110500
616.0,616,2,7,89000
993.0,1048,2,6,113000
816.0,816,2,5,109000
1595.0,2486,5,5,220000
960.0,960,3,5,129000
485.0,1635,2,8,117000
693.0,693,2,4,52500
596.0,1430,3,5,107000
396.0,1330,3,8,116500
610.0,819,2,4,72000
780.0,1376,3,6,119500
803.0,1360,2,6,125500
1007.0,1077,3,4,91000
520.0,754,2,8,84500
984.0,984,3,6,90000
806.0,1422,3,5,137500
1921.0,1921,4,5,150000
0.0,1640,3,5,131000
1062.0,1352,3,4,130000
0.0,1032,2,7,125000
830.0,879,2,3,80000
1073.0,1073,2,5,157000
1051.0,1382,3,5,148000
0.0,1296,2,5,90000
1059.0,1068,3,8,154500
1064.0,1064,3,6,153600
1164.0,1320,3,6,164500
912.0,934,2,7,132000
1059.0,1059,3,6,142500
1051.0,1159,3,5,158000
672.0,1400,3,7,149500
1176.0,1458,3,5,165000
1461.0,1721,3,6,180000
960.0,1040,3,6,160500
1967.0,1967,6,4,156500
1949.0,1949,6,4,157000
1052.0,1920,4,5,172500
1134.0,1803,3,4,155000
1763.0,1779,3,4,170000
872.0,872,2,5,105000
648.0,960,0,9,145000
1188.0,1437,3,6,168000
1865.0,1830,2,6,278000
1000.0,1000,1,6,164000
1304.0,2287,3,4,225000
782.0,810,2,7,130000
864.0,894,3,5,142500
430.0,1700,2,5,148400
1453.0,1453,2,5,190000
967.0,1350,3,5,146000
799.0,1150,3,5,128000
896.0,2008,3,8,225000
697.0,2201,4,7,274970
672.0,2009,4,7,235000
1836.0,3672,5,8,415000
1776.0,1560,3,5,182000
0.0,1488,3,6,135000
1057.0,1057,3,8,137000
994.0,1855,4,4,136900
1000.0,1609,5,5,149900
980.0,1148,2,7,123500
0.0,1124,3,5,93000
810.0,1456,4,3,91500
1298.0,1298,3,5,180000
868.0,2559,4,4,209000
777.0,1911,3,5,215000
1344.0,1440,2,8,224500
1308.0,1876,3,5,229800
1208.0,1208,2,5,183600
1199.0,1220,2,5,194000
1286.0,1294,2,5,193879
1614.0,1614,3,5,221500
1498.0,1498,2,5,204900
1391.0,1962,3,5,239799
1836.0,1846,3,5,233555
1734.0,1734,3,5,260000
1570.0,1590,2,5,294900
945.0,1809,3,5,209700
1614.0,1614,3,5,225000
784.0,1596,3,5,181000
908.0,1915,3,5,220000
1624.0,1582,4,5,190000
938.0,988,1,5,180000
1533.0,1533,2,5,280000
1388.0,1388,3,5,158900
870.0,914,2,5,148000
1100.0,1100,3,6,145000
781.0,1499,3,5,187000
1425.0,1425,3,5,193000
990.0,990,3,5,156000
1525.0,1525,3,5,235000
1479.0,1494,3,5,217000
1588.0,1588,3,5,214000
842.0,1749,3,5,196000
951.0,1779,3,5,217000
916.0,1861,3,5,200000
936.0,1776,3,5,192500
1541.0,1541,3,5,205000
911.0,954,3,5,132500
675.0,1388,3,6,157500
995.0,1282,3,6,174000
971.0,971,3,6,128500
864.0,864,3,7,128500
894.0,894,3,7,149900
864.0,864,3,8,119900
630.0,1320,3,5,137000
1065.0,1989,3,5,255000
826.0,1762,3,5,222000
840.0,1755,3,5,214000
1348.0,1358,1,5,220000
1753.0,1787,3,5,275000
872.0,1909,4,5,197000
1654.0,1654,3,5,230000
1090.0,2214,3,5,268500
1065.0,2049,4,5,210900
1054.0,1939,3,5,227000
930.0,1995,4,5,237000
1108.0,2097,3,6,274300
1860.0,1836,3,5,216837
848.0,848,1,5,133000
848.0,848,1,5,155900
1079.0,1919,3,5,233230
1390.0,1390,3,5,207000
847.0,1948,4,5,195000
1682.0,1700,3,5,200000
851.0,1737,3,5,203160
784.0,1611,3,5,195800
1552.0,1552,3,5,212900
860.0,1720,3,5,196500
1336.0,1336,3,5,198000
750.0,1500,3,5,173900
728.0,1456,3,5,163990
1310.0,1310,3,5,164990
676.0,1436,3,6,98000
1466.0,1466,3,4,149900
836.0,1220,2,5,102000
976.0,1012,4,5,127500
945.0,980,4,5,127500
1176.0,1176,2,4,119900
796.0,1724,3,5,196500
914.0,914,2,5,117250
1150.0,2314,3,5,229000
547.0,1072,2,5,145000
547.0,1072,2,5,140000
547.0,1072,2,5,142500
970.0,1709,3,5,134000
970.0,1709,3,5,130000
970.0,1709,3,5,130000
970.0,1709,3,5,137500
976.0,1708,3,5,130000
624.0,936,3,7,97900
832.0,1338,3,3,92000
1093.0,1669,4,5,107000
658.0,1184,5,3,81000
784.0,1221,4,7,104900
864.0,864,2,7,115000
954.0,1482,3,4,125000
686.0,1250,3,7,116000
864.0,1414,3,4,83000
795.0,2230,5,5,118500
498.0,498,1,3,35000
616.0,1273,3,7,121000
686.0,1928,5,8,160000
940.0,1595,2,5,140000
1058.0,1551,3,5,137000
780.0,1340,3,6,128000
624.0,1479,3,8,160000
747.0,1784,4,5,138887
755.0,1510,3,8,149000
1008.0,1522,4,5,102000
818.0,1636,4,8,167000
793.0,1802,4,6,200100
992.0,1465,3,5,131000
824.0,1288,4,4,112000
756.0,1717,3,5,140000
817.0,1550,3,5,195000
792.0,1517,3,7,230000
901.0,1717,2,6,194000
700.0,1180,2,5,137500
1017.0,2057,3,7,250000
1022.0,1671,4,7,218000
952.0,2345,4,8,239000
637.0,1609,3,7,199500
697.0,1801,3,7,210000
1073.0,1811,2,7,230000
1430.0,1647,3,6,217500
1168.0,2315,4,7,257000
1165.0,1336,2,5,157000
1844.0,1844,3,5,223000
976.0,976,2,6,102000
861.0,1285,3,7,145400
432.0,672,2,4,72000
641.0,641,2,6,85000
951.0,951,2,6,106500
967.0,1638,4,5,139000
637.0,1336,3,6,108000
0.0,729,2,5,51689
480.0,480,1,3,35311
660.0,1396,4,6,115000
216.0,936,2,5,78000
1573.0,1778,2,5,375000
1594.0,1646,2,5,300000
1625.0,1625,3,6,242500
1664.0,1664,4,5,145000
1491.0,1491,3,5,209000
975.0,1004,2,5,135000
1128.0,1210,3,6,148000
1907.0,1959,5,5,171000
1210.0,2519,4,5,335000
0.0,1295,2,5,230000
1632.0,1650,2,5,250764
1686.0,1707,2,6,228000
1112.0,1137,2,6,176000
1309.0,1339,2,5,180000
1216.0,2514,4,5,250000
1381.0,1403,2,5,202000
1800.0,1800,3,5,312500
1728.0,1960,3,5,320000
1868.0,2028,2,5,369900
1838.0,1838,3,5,359900
0.0,1600,3,3,81500
1288.0,1368,2,5,215000
1216.0,1216,2,5,164000
1237.0,1337,2,5,153500
1140.0,1140,3,5,84500
264.0,1304,3,6,104500
757.0,1475,4,6,127000
942.0,2521,5,4,151400
864.0,874,3,7,126500
1652.0,1652,4,5,146500
630.0,630,1,6,73000
546.0,1092,3,4,79400
1104.0,1360,3,5,140000
630.0,630,1,7,92000
546.0,1092,3,5,87550
546.0,1092,3,5,79500
546.0,1092,3,7,90500
546.0,1092,3,5,71000
1728.0,1728,4,5,150900
1728.0,1728,4,5,188000
1126.0,1126,3,5,160000
1224.0,1224,4,7,131000
1003.0,1003,3,6,142500
864.0,902,2,5,131000
912.0,970,3,5,132000
1389.0,1389,2,5,170000
996.0,2000,3,5,188000
